email,password,pseudo,firstName,lastName,phoneNumber,gender,dateOfBirth,address,city,country,specialty,bio,yearsOfExperience,consultationPrice,languages,licenseNumber
mamadou.diallo01@test-psyconnect.com,Test1234!,drmamadou01,Mamadou,Diallo,+221781234501,M,1980-02-15,Avenue Bourguiba,Dakar,Sénégal,Thérapie cognitivo-comportementale (TCC),Spécialiste TCC depuis plus de 12 ans accompagnant adultes et adolescents.,12,25000,"Français, Wolof",PSY-SN-2024-0001
aminata.sy02@test-psyconnect.com,Test1234!,draminata02,Aminata,Sy,+221781234502,F,1985-06-21,Rue 4 Point E,Dakar,Sénégal,Psychologie clinique,Psychologue clinicienne spécialisée dans l'accompagnement du burn-out et du stress chronique.,9,22000,"Français, Anglais",PSY-SN-2024-0002
babacar.thiam03@test-psyconnect.com,Test1234!,drbabacar03,Babacar,Thiam,+221781234503,M,1978-09-10,Quartier Randoulène,Thiès,Sénégal,Thérapie de couple,Accompagne les couples et familles depuis 15 ans, approche systémique.,15,30000,"Français, Wolof",PSY-SN-2024-0003
ndeyefatou.camara04@test-psyconnect.com,Test1234!,drndeye04,Ndeye Fatou,Camara,+221781234504,F,1990-12-01,Rue 12 Sor,Saint-Louis,Sénégal,Psychologie de l'enfant,Spécialisée dans le développement de l'enfant et les troubles de l'apprentissage.,7,18000,"Français",PSY-SN-2024-0004
seydou.kane05@test-psyconnect.com,Test1234!,drseydou05,Seydou,Kane,+221781234505,M,1975-03-29,Quartier Belfort,Ziguinchor,Sénégal,Addictologie,Spécialiste des addictions et de la prise en charge des conduites à risque.,18,20000,"Français, Wolof",PSY-SN-2024-0005
bineta.ndoye06@test-psyconnect.com,Test1234!,drbineta06,Bineta,Ndoye,+221781234506,F,1992-07-17,Cité Aliou Sow,Mbour,Sénégal,Psychotraumatologie,Accompagne les victimes de traumatismes et de violences avec une approche bienveillante.,6,21000,"Français, Anglais",PSY-SN-2024-0006
lamine.sane07@test-psyconnect.com,Test1234!,drlamine07,Lamine,Sané,+221781234507,M,1982-05-09,Avenue Senghor,Kaolack,Sénégal,Thérapie familiale systémique,Travaille avec les familles sur les conflits intergénérationnels et la communication.,11,19000,"Français, Wolof",PSY-SN-2024-0007
coumba.diatta08@test-psyconnect.com,Test1234!,drcoumba08,Coumba,Diatta,+221781234508,F,1988-01-23,Quartier Ndiarème,Touba,Sénégal,Psychologie du travail,Accompagne les salariés et managers sur le stress professionnel et la qualité de vie au travail.,8,23000,"Français",PSY-SN-2024-0008
elhadji.sow09@test-psyconnect.com,Test1234!,drelhadji09,El Hadji,Sow,+221781234509,M,1973-11-30,Rue 22 Médina,Rufisque,Sénégal,Neuropsychologie,Expert en évaluation neuropsychologique et troubles cognitifs.,20,28000,"Français, Anglais",PSY-SN-2024-0009
rokhaya.niang10@test-psyconnect.com,Test1234!,drrokhaya10,Rokhaya,Niang,+221781234510,F,1995-04-04,Quartier Diamalaye,Pikine,Sénégal,Sexologie clinique,Accompagne les questions liées à la sexualité et à la vie intime dans un cadre confidentiel.,5,24000,"Français, Wolof",PSY-SN-2024-0010
